{"cameraMode":{"drawMode":0,"name":"Shaded","section":"Shading Mode"},"sceneLighting":true,"audioPlay":false,"sceneViewState":{"showFog":true,"showMaterialUpdate":true,"showSkybox":true,"showFlares":true,"showImageEffects":true,"showParticleSystems":true},"in2DMode":false,"pivot":{"x":0.5364733934402466,"y":6.816531181335449,"z":0.7665361166000366},"rotation":{"x":0.11212580651044846,"y":0.086306631565094,"z":-0.009939775802195073,"w":0.9899600148200989},"size":23.02570915222168,"orthographic":false}