{"cameraMode":{"drawMode":0,"name":"Shaded","section":"Shading Mode"},"sceneLighting":true,"audioPlay":false,"sceneViewState":{"showFog":true,"showMaterialUpdate":true,"showSkybox":false,"showFlares":true,"showImageEffects":true,"showParticleSystems":true},"in2DMode":false,"pivot":{"x":0.04297447204589844,"y":2.4200000762939455,"z":-0.17124319076538087},"rotation":{"x":-0.05322207137942314,"y":0.6781262755393982,"z":-0.04928358644247055,"w":-0.7314168214797974},"size":40.010372161865237,"orthographic":false}