{"cameraMode":{"drawMode":0,"name":"Shaded","section":"Shading Mode"},"sceneLighting":true,"audioPlay":false,"sceneViewState":{"showFog":true,"showMaterialUpdate":true,"showSkybox":true,"showFlares":true,"showImageEffects":true,"showParticleSystems":true},"in2DMode":false,"pivot":{"x":8.616012573242188,"y":0.9900000095367432,"z":-8.947195053100586},"rotation":{"x":0.07193461060523987,"y":-0.009885629639029503,"z":0.0007977402419783175,"w":0.9974408745765686},"size":8.159830093383789,"orthographic":false}