{"cameraMode":{"drawMode":0,"name":"Shaded","section":"Shading Mode"},"sceneLighting":true,"audioPlay":false,"sceneViewState":{"showFog":true,"showMaterialUpdate":true,"showSkybox":true,"showFlares":true,"showImageEffects":true,"showParticleSystems":true},"in2DMode":false,"pivot":{"x":0.44054359197616579,"y":2.801093816757202,"z":-0.01887945830821991},"rotation":{"x":-0.3381842374801636,"y":-0.04006204009056091,"z":0.014413004741072655,"w":-0.940126895904541},"size":9.188065528869629,"orthographic":false}