{"cameraMode":{"drawMode":0,"name":"Shaded","section":"Shading Mode"},"sceneLighting":true,"audioPlay":false,"sceneViewState":{"showFog":true,"showMaterialUpdate":true,"showSkybox":true,"showFlares":true,"showImageEffects":true,"showParticleSystems":true},"in2DMode":false,"pivot":{"x":9.876555442810059,"y":1.2759647369384766,"z":-9.89156723022461},"rotation":{"x":0.44259563088417055,"y":0.042232345789670947,"z":-0.02078443206846714,"w":0.8955752849578857},"size":12.671964645385743,"orthographic":false}