{"cameraMode":{"drawMode":0,"name":"Shaded","section":"Shading Mode"},"sceneLighting":true,"audioPlay":false,"sceneViewState":{"showFog":true,"showMaterialUpdate":true,"showSkybox":true,"showFlares":true,"showImageEffects":true,"showParticleSystems":true},"in2DMode":false,"pivot":{"x":-1.559999942779541,"y":1.4600000381469727,"z":-1.619999885559082},"rotation":{"x":-0.16784100234508515,"y":-0.6886372566223145,"z":0.1687474250793457,"w":-0.6849411725997925},"size":5.383047580718994,"orthographic":false}