{"cameraMode":{"drawMode":0,"name":"Shaded","section":"Shading Mode"},"sceneLighting":true,"audioPlay":false,"sceneViewState":{"showFog":true,"showMaterialUpdate":true,"showSkybox":true,"showFlares":true,"showImageEffects":true,"showParticleSystems":true},"in2DMode":false,"pivot":{"x":12.208290100097657,"y":-0.3809471130371094,"z":48.32391357421875},"rotation":{"x":-0.5151793956756592,"y":-0.36245277523994448,"z":0.254355788230896,"w":-0.7339550256729126},"size":44.70622634887695,"orthographic":false}