{"cameraMode":{"drawMode":0,"name":"Shaded","section":"Shading Mode"},"sceneLighting":true,"audioPlay":false,"sceneViewState":{"showFog":true,"showMaterialUpdate":true,"showSkybox":true,"showFlares":true,"showImageEffects":true,"showParticleSystems":true},"in2DMode":false,"pivot":{"x":-9.803698539733887,"y":0.6999990940093994,"z":6.438651084899902},"rotation":{"x":-0.3381842374801636,"y":-0.04006204009056091,"z":0.014413004741072655,"w":-0.940126895904541},"size":3.3496479988098146,"orthographic":false}