{"cameraMode":{"drawMode":0,"name":"Shaded","section":"Shading Mode"},"sceneLighting":true,"audioPlay":false,"sceneViewState":{"showFog":true,"showMaterialUpdate":true,"showSkybox":true,"showFlares":true,"showImageEffects":true,"showParticleSystems":true},"in2DMode":false,"pivot":{"x":914.39990234375,"y":535.2000122070313,"z":0.0},"rotation":{"x":0.07193461060523987,"y":-0.009885629639029503,"z":0.0007977402419783175,"w":0.9974408745765686},"size":1684.0975341796875,"orthographic":false}