{"cameraMode":{"drawMode":0,"name":"Shaded","section":"Shading Mode"},"sceneLighting":false,"audioPlay":false,"sceneViewState":{"showFog":true,"showMaterialUpdate":true,"showSkybox":false,"showFlares":true,"showImageEffects":true,"showParticleSystems":true},"in2DMode":false,"pivot":{"x":0.240610271692276,"y":2.3177597522735597,"z":1.4863561391830445},"rotation":{"x":-0.29835206270217898,"y":0.6283876895904541,"z":-0.283977210521698,"w":-0.6600295305252075},"size":10.530257225036621,"orthographic":false}