{"cameraMode":{"drawMode":0,"name":"Shaded","section":"Shading Mode"},"sceneLighting":false,"audioPlay":false,"sceneViewState":{"showFog":true,"showMaterialUpdate":true,"showSkybox":false,"showFlares":true,"showImageEffects":true,"showParticleSystems":true},"in2DMode":false,"pivot":{"x":0.0,"y":0.800000011920929,"z":0.0012500286102294922},"rotation":{"x":-0.25459417700767519,"y":0.15756265819072724,"z":-0.04216865077614784,"w":-0.9532825350761414},"size":5.851107597351074,"orthographic":false}