{"cameraMode":{"drawMode":0,"name":"Shaded","section":"Shading Mode"},"sceneLighting":false,"audioPlay":false,"sceneViewState":{"showFog":true,"showMaterialUpdate":true,"showSkybox":false,"showFlares":true,"showImageEffects":true,"showParticleSystems":true},"in2DMode":false,"pivot":{"x":5.164928436279297,"y":0.6343860626220703,"z":8.219942092895508},"rotation":{"x":-0.25459417700767519,"y":0.15756265819072724,"z":-0.04216865077614784,"w":-0.9532825350761414},"size":22.0,"orthographic":false}