{"cameraMode":{"drawMode":0,"name":"Shaded","section":"Shading Mode"},"sceneLighting":false,"audioPlay":false,"sceneViewState":{"showFog":true,"showMaterialUpdate":true,"showSkybox":false,"showFlares":true,"showImageEffects":true,"showParticleSystems":true},"in2DMode":false,"pivot":{"x":0.0,"y":1.7999999523162842,"z":0.34999996423721316},"rotation":{"x":-0.25459417700767519,"y":0.15756265819072724,"z":-0.04216865077614784,"w":-0.9532825350761414},"size":9.861424446105957,"orthographic":false}