{"cameraMode":{"drawMode":0,"name":"Shaded","section":"Shading Mode"},"sceneLighting":true,"audioPlay":false,"sceneViewState":{"showFog":true,"showMaterialUpdate":true,"showSkybox":true,"showFlares":true,"showImageEffects":true,"showParticleSystems":true},"in2DMode":false,"pivot":{"x":1101.1031494140625,"y":760.5927124023438,"z":124.03771209716797},"rotation":{"x":-0.10362173616886139,"y":-0.006552971433848143,"z":0.0006839446141384542,"w":-0.9946043491363525},"size":1800.4144287109375,"orthographic":false}