{"cameraMode":{"drawMode":0,"name":"Shaded","section":"Shading Mode"},"sceneLighting":true,"audioPlay":false,"sceneViewState":{"showFog":true,"showMaterialUpdate":true,"showSkybox":false,"showFlares":true,"showImageEffects":true,"showParticleSystems":true},"in2DMode":false,"pivot":{"x":-0.5674153566360474,"y":1.152500033378601,"z":-0.5172824859619141},"rotation":{"x":-0.1329936981201172,"y":-0.5134429931640625,"z":0.08091576397418976,"w":-0.8438929319381714},"size":13.279969215393067,"orthographic":false}