{"cameraMode":{"drawMode":0,"name":"Shaded","section":"Shading Mode"},"sceneLighting":true,"audioPlay":false,"sceneViewState":{"showFog":true,"showMaterialUpdate":true,"showSkybox":true,"showFlares":true,"showImageEffects":true,"showParticleSystems":true},"in2DMode":false,"pivot":{"x":11.544933319091797,"y":16.530895233154298,"z":-9.22806167602539},"rotation":{"x":-0.5979070663452148,"y":0.044633649289608,"z":-0.03349167853593826,"w":-0.7997268438339233},"size":436.8736572265625,"orthographic":false}