{"cameraMode":{"drawMode":0,"name":"Shaded","section":"Shading Mode"},"sceneLighting":true,"audioPlay":false,"sceneViewState":{"showFog":true,"showMaterialUpdate":true,"showSkybox":false,"showFlares":true,"showImageEffects":true,"showParticleSystems":true},"in2DMode":false,"pivot":{"x":-0.5674153566360474,"y":1.152500033378601,"z":-0.5172824859619141},"rotation":{"x":-0.20521783828735352,"y":-0.07536420226097107,"z":0.015851767733693124,"w":-0.9756879806518555},"size":13.279969215393067,"orthographic":false}