{"cameraMode":{"drawMode":0,"name":"Shaded","section":"Shading Mode"},"sceneLighting":true,"audioPlay":false,"sceneViewState":{"showFog":true,"showMaterialUpdate":true,"showSkybox":true,"showFlares":true,"showImageEffects":true,"showParticleSystems":true},"in2DMode":false,"pivot":{"x":-1.6217974424362183,"y":-0.0077345119789242748,"z":0.49246734380722048},"rotation":{"x":-0.0854937732219696,"y":-0.8797346353530884,"z":0.43475744128227236,"w":-0.17293982207775117},"size":14.24766731262207,"orthographic":false}