{"cameraMode":{"drawMode":0,"name":"Shaded","section":"Shading Mode"},"sceneLighting":true,"audioPlay":false,"sceneViewState":{"showFog":true,"showMaterialUpdate":true,"showSkybox":true,"showFlares":true,"showImageEffects":true,"showParticleSystems":true},"in2DMode":false,"pivot":{"x":-27.167098999023439,"y":-6.2073283195495609,"z":20.72154998779297},"rotation":{"x":-0.2773790657520294,"y":0.645366370677948,"z":-0.2720511555671692,"w":-0.6578134298324585},"size":54.07487869262695,"orthographic":false}