{"cameraMode":{"drawMode":0,"name":"Shaded","section":"Shading Mode"},"sceneLighting":true,"audioPlay":false,"sceneViewState":{"showFog":true,"showMaterialUpdate":true,"showSkybox":true,"showFlares":true,"showImageEffects":true,"showParticleSystems":true},"in2DMode":false,"pivot":{"x":25.227754592895509,"y":-16.79163360595703,"z":4.450961112976074},"rotation":{"x":-0.25459417700767519,"y":0.15756265819072724,"z":-0.04216865077614784,"w":-0.9532825350761414},"size":194.73043823242188,"orthographic":false}