{"cameraMode":{"drawMode":0,"name":"Shaded","section":"Shading Mode"},"sceneLighting":true,"audioPlay":false,"sceneViewState":{"showFog":true,"showMaterialUpdate":true,"showSkybox":true,"showFlares":true,"showImageEffects":true,"showParticleSystems":true},"in2DMode":false,"pivot":{"x":11.548171997070313,"y":11.673216819763184,"z":90.0},"rotation":{"x":-0.20521783828735352,"y":-0.07536420226097107,"z":0.015851767733693124,"w":-0.9756879806518555},"size":68.92293548583985,"orthographic":false}