{"cameraMode":{"drawMode":0,"name":"Shaded","section":"Shading Mode"},"sceneLighting":true,"audioPlay":false,"sceneViewState":{"showFog":true,"showMaterialUpdate":true,"showSkybox":true,"showFlares":true,"showImageEffects":true,"showParticleSystems":true},"in2DMode":false,"pivot":{"x":-22.42902374267578,"y":-11.085132598876954,"z":6.811129093170166},"rotation":{"x":-0.2773790657520294,"y":0.645366370677948,"z":-0.2720511555671692,"w":-0.6578134298324585},"size":41.02190017700195,"orthographic":false}